{
  "emps": 
  [
      {"empno": 1025, "ename" : "Scott", "job" : "Manager", "sal" : 56000},
      {"empno": 1026, "ename" : "Smith", "job" : "Sr.Manager", "sal" : 65000},
      {"empno": 1027, "ename" : "Sandy", "job" : "Lead", "sal" : 45000},
      {"empno": 1028, "ename" : "Sam", "job" : "Group Manager", "sal" : 75000},
	  {"empno": 1029, "ename" : "Mark", "job" : "Manager", "sal" : 56000},
      {"empno": 1030, "ename" : "Peter", "job" : "Sr.Manager", "sal" : 65000},
      {"empno": 1031, "ename" : "Stephen", "job" : "Lead", "sal" : 45000},
      {"empno": 1032, "ename" : "James", "job" : "Group Manager", "sal" : 75000}
  ]
}